{
    "bias": {
        "median": 0.4974963665008545,
        "mean": 132.73648071289062,
        "std": 958.97119140625
    },
    "bias_rel": {
        "median": -0.05214117839932442,
        "mean": -0.039742425084114075,
        "std": 0.2886894643306732
    },
    "rmse": {
        "median": 1.2203739881515503,
        "mean": 1.4570413827896118,
        "std": 1.0055954456329346
    },
    "rmse_ub": {
        "median": 1.2082011699676514,
        "mean": 1.4351181983947754,
        "std": 0.9738176465034485
    },
    "rmse_fdc": {
        "median": 1.1312764647732934,
        "mean": 2.017713519234834,
        "std": 2.3142096220827884
    },
    "mae": {
        "median": 0.4379262626171112,
        "mean": 0.5645137429237366,
        "std": 0.4816442131996155
    },
    "corr": {
        "median": 0.8802598714828491,
        "mean": 0.860259813160097,
        "std": 0.08624203266139611
    },
    "corr_spearman": {
        "median": 0.9133206178345776,
        "mean": 0.8848788804122474,
        "std": 0.09102314874384639
    },
    "r2": {
        "median": 0.7569989711046219,
        "mean": 0.7102875814276788,
        "std": 0.17054430817108313
    },
    "nse": {
        "median": 0.7569989711046219,
        "mean": 0.7102875814276788,
        "std": 0.17054430817108313
    },
    "flv": {
        "median": 20.205757942636783,
        "mean": 772961.9880505172,
        "std": 6867753.793936137
    },
    "fhv": {
        "median": -15.076944397494191,
        "mean": -15.396094361486762,
        "std": 17.80890871884268
    },
    "pbias": {
        "median": -5.214108949828492,
        "mean": -3.9742420201834,
        "std": 28.86894671910311
    },
    "pbias_mid": {
        "median": -2.345438259359621,
        "mean": 1614.7913251757093,
        "std": 37157.92013777464
    },
    "flv_abs": {
        "median": 44.543337496315786,
        "mean": 772988.0051588053,
        "std": 6867750.865677079
    },
    "fhv_abs": {
        "median": 18.008319691173874,
        "mean": 20.55830317223877,
        "std": 13.420104350504557
    },
    "pbias_abs": {
        "median": 35.39126545758508,
        "mean": 40.94470473136705,
        "std": 28.60367828125133
    },
    "pbias_abs_mid": {
        "median": 13.149714131448647,
        "mean": 1634.9170589702364,
        "std": 37157.04224745016
    },
    "kge": {
        "median": 0.7522251436880139,
        "mean": 0.693822922873264,
        "std": 0.27771070329166003
    },
    "kge_12": {
        "median": 0.7761429166080593,
        "mean": 0.7194866650662598,
        "std": 0.26775794610540915
    },
    "rmse_low": {
        "median": 0.06190628185868263,
        "mean": 0.11652234256421672,
        "std": 0.18433712802636784
    },
    "rmse_mid": {
        "median": 0.24253705143928528,
        "mean": 0.3644175929685602,
        "std": 0.44647227324866406
    },
    "rmse_high": {
        "median": 3.562263250350952,
        "mean": 4.705233290440731,
        "std": 4.224127159174171
    },
    "d_max": {
        "median": -15.371990203857422,
        "mean": -22.636440863155826,
        "std": 26.471608328274918
    },
    "d_max_rel": {
        "median": -38.93548250198364,
        "mean": -36.767269102457504,
        "std": 30.698953122435082
    }
}