{
    "bias": {
        "median": 0.9997190237045288,
        "mean": 0.9997323155403137,
        "std": 0.00012471254740376025
    },
    "bias_rel": {
        "median": -0.9999383687973022,
        "mean": -0.9999381899833679,
        "std": 2.2788938167650485e-06
    },
    "rmse": {
        "median": 0.5535826086997986,
        "mean": 0.5662676095962524,
        "std": 0.022187022492289543
    },
    "rmse_ub": {
        "median": 0.28835293650627136,
        "mean": 0.28448358178138733,
        "std": 0.016569679602980614
    },
    "rmse_fdc": {
        "median": 0.5580266987166893,
        "mean": 0.5706819540111503,
        "std": 0.02192368025160082
    },
    "mae": {
        "median": 0.48473674058914185,
        "mean": 0.48931702971458435,
        "std": 0.022686054930090904
    },
    "corr": {
        "median": -0.009932426735758781,
        "mean": -0.014936884492635727,
        "std": 0.1651039188503309
    },
    "corr_spearman": {
        "median": -0.026704692766398756,
        "mean": -0.014992221934145705,
        "std": 0.14963471078077223
    },
    "r2": {
        "median": -2.989192485809326,
        "mean": -2.9924306631088258,
        "std": 0.42245601975950553
    },
    "nse": {
        "median": -2.989192485809326,
        "mean": -2.9924306631088258,
        "std": 0.42245601975950553
    },
    "flv": {
        "median": -99.99138259887695,
        "mean": -99.99145812988282,
        "std": 0.0014162104571247879
    },
    "fhv": {
        "median": -99.99067306518555,
        "mean": -99.99068298339844,
        "std": 6.596669409551174e-05
    },
    "pbias": {
        "median": -99.99382019042969,
        "mean": -99.99381637573242,
        "std": 0.00022784315303663594
    },
    "pbias_mid": {
        "median": -99.99371337890625,
        "mean": -99.9937644958496,
        "std": 0.0002355259708124426
    },
    "flv_abs": {
        "median": 99.99138259887695,
        "mean": 99.99145812988282,
        "std": 0.0014162104571247879
    },
    "fhv_abs": {
        "median": 99.99067306518555,
        "mean": 99.99068298339844,
        "std": 6.596669409551174e-05
    },
    "pbias_abs": {
        "median": 99.99382019042969,
        "mean": 99.99381637573242,
        "std": 0.00022784315303663594
    },
    "pbias_abs_mid": {
        "median": 99.99371337890625,
        "mean": 99.9937644958496,
        "std": 0.0002355259708124426
    },
    "kge": {
        "median": -0.73772721261695,
        "mean": -0.7458676791486323,
        "std": 0.0947174159604894
    },
    "kge_12": {
        "median": -0.5924057676454048,
        "mean": -0.5870747897029216,
        "std": 0.11071351217187714
    },
    "rmse_low": {
        "median": 0.17653436958789825,
        "mean": 0.17366393506526948,
        "std": 0.027001634318354926
    },
    "rmse_mid": {
        "median": 0.6407429575920105,
        "mean": 0.6557798147201538,
        "std": 0.027231326431767258
    },
    "rmse_high": {
        "median": 0.9888826310634613,
        "mean": 0.9893624186515808,
        "std": 0.007148263476016761
    },
    "d_max": {
        "median": -0.9888826310634613,
        "mean": -0.989410650730133,
        "std": 0.007135098405682189
    },
    "d_max_rel": {
        "median": -99.99748992919922,
        "mean": -99.9955665588379,
        "std": 0.00357002588549568
    }
}
