{
    "bias": {
        "median": 0.46903195977211,
        "mean": 134.8419952392578,
        "std": 1082.613525390625
    },
    "bias_rel": {
        "median": -0.04651954025030136,
        "mean": -0.028139753267169,
        "std": 0.32827791571617126
    },
    "rmse": {
        "median": 1.2166509628295898,
        "mean": 1.4539114236831665,
        "std": 0.9954342842102051
    },
    "rmse_ub": {
        "median": 1.211963415145874,
        "mean": 1.4339663982391357,
        "std": 0.96665358543396
    },
    "rmse_fdc": {
        "median": 1.040480272882793,
        "mean": 1.9066295565744749,
        "std": 2.2040291164440617
    },
    "mae": {
        "median": 0.43518614768981934,
        "mean": 0.5586881041526794,
        "std": 0.4806663990020752
    },
    "corr": {
        "median": 0.8830918073654175,
        "mean": 0.8614003587577302,
        "std": 0.08462145535130167
    },
    "corr_spearman": {
        "median": 0.9170846683847419,
        "mean": 0.8883541698608888,
        "std": 0.08850588216249725
    },
    "r2": {
        "median": 0.7567992210388184,
        "mean": 0.7092544390432354,
        "std": 0.17753132711673825
    },
    "nse": {
        "median": 0.7567992210388184,
        "mean": 0.7092544390432354,
        "std": 0.17753132711673825
    },
    "flv": {
        "median": 11.575989723205566,
        "mean": 797310.7701656428,
        "std": 7033673.501779804
    },
    "fhv": {
        "median": -11.509909629821777,
        "mean": -12.599213700355671,
        "std": 18.589824809643805
    },
    "pbias": {
        "median": -4.652041435241699,
        "mean": -2.8139719408138775,
        "std": 32.82776123837006
    },
    "pbias_mid": {
        "median": -2.345320701599121,
        "mean": 1869.1725829435852,
        "std": 42977.5312862384
    },
    "flv_abs": {
        "median": 37.867862701416016,
        "mean": 797338.3201360429,
        "std": 7033670.378766852
    },
    "fhv_abs": {
        "median": 16.125097274780273,
        "mean": 19.260227144999245,
        "std": 13.675384817146533
    },
    "pbias_abs": {
        "median": 34.621376037597656,
        "mean": 40.86950132043124,
        "std": 32.283648550024104
    },
    "pbias_abs_mid": {
        "median": 12.819452285766602,
        "mean": 1887.9121028905533,
        "std": 42976.713969620214
    },
    "kge": {
        "median": 0.7679049104002585,
        "mean": 0.7028979353386664,
        "std": 0.31724001365837645
    },
    "kge_12": {
        "median": 0.7873929257653673,
        "mean": 0.7261341571366695,
        "std": 0.3074432203044212
    },
    "rmse_low": {
        "median": 0.05505983158946037,
        "mean": 0.10488744178778543,
        "std": 0.17213593625587487
    },
    "rmse_mid": {
        "median": 0.22391195595264435,
        "mean": 0.3451317679785936,
        "std": 0.42799327956065014
    },
    "rmse_high": {
        "median": 3.315467596054077,
        "mean": 4.387750998546287,
        "std": 3.831189847467148
    },
    "d_max": {
        "median": -13.843635559082031,
        "mean": -20.984285528264703,
        "std": 26.375189856936483
    },
    "d_max_rel": {
        "median": -35.939517974853516,
        "mean": -34.30083566118319,
        "std": 31.23599019426837
    }
}